{
"平均共识达成时间":5860.663366336634
,
"平均块传播时间":4.903494406809101
,
"平均出块时间":738272.9306930694
}
