{
"平均共识达成时间":5672.524752475248
,
"平均块传播时间":4.886404484084771
,
"平均出块时间":788258.6534653465
}
