{
"平均共识达成时间":9148.287128712871
,
"平均块传播时间":4.935227835228593
,
"平均出块时间":1405799.693069307
}
