{
"平均共识达成时间":10854.019801980197
,
"平均块传播时间":4.907857937215521
,
"平均出块时间":979064.2376237623
}
