{
"平均共识达成时间":4146.475247524752
,
"平均块传播时间":4.3194097671011065
,
"平均出块时间":674839.0396039604
}
