{
"平均共识达成时间":5239.9009900990095
,
"平均块传播时间":5.132513741335019
,
"平均出块时间":645865.8712871287
}
