{
"平均共识达成时间":5790.40594059406
,
"平均块传播时间":4.825399346222663
,
"平均出块时间":874049.1386138614
}
