{
"平均共识达成时间":8959.742574257425
,
"平均块传播时间":4.697541424846448
,
"平均出块时间":1966700.4257425743
}
