{
"平均共识达成时间":7081.465346534654
,
"平均块传播时间":3.9267212974781813
,
"平均出块时间":4971992.702970297
}
