{
"平均共识达成时间":6249.455445544554
,
"平均块传播时间":4.726918955828897
,
"平均出块时间":926099.1485148515
}
