{
"平均共识达成时间":7103.821782178218
,
"平均块传播时间":3.9155091937765185
,
"平均出块时间":4541706.702970297
}
