{
"平均共识达成时间":9024.227722772277
,
"平均块传播时间":4.92015699009901
,
"平均出块时间":941480.8514851485
}
