{
"平均共识达成时间":4164.445544554455
,
"平均块传播时间":4.333028857452888
,
"平均出块时间":791667.9504950495
}
