{
"平均共识达成时间":5467.623762376237
,
"平均块传播时间":5.0453465642528394
,
"平均出块时间":630799.8712871287
}
