{
"平均共识达成时间":4171.306930693069
,
"平均块传播时间":4.31615106184647
,
"平均出块时间":468735.6633663366
}
