{
"平均共识达成时间":8571.554455445545
,
"平均块传播时间":4.850102789399434
,
"平均出块时间":1095184.5742574257
}
