{
"平均共识达成时间":5852.306930693069
,
"平均块传播时间":4.960970322892061
,
"平均出块时间":817802.0495049505
}
