{
"平均共识达成时间":5218.940594059406
,
"平均块传播时间":5.309679363338639
,
"平均出块时间":566768.2673267326
}
