{
"平均共识达成时间":5872.138613861386
,
"平均块传播时间":4.883793926440467
,
"平均出块时间":847939.4752475248
}
