{
"平均共识达成时间":5167.1287128712875
,
"平均块传播时间":5.24485835911536
,
"平均出块时间":611800.5742574257
}
