{
"平均共识达成时间":2793.960396039604
,
"平均块传播时间":1.6191013395457188
,
"平均出块时间":2.6658282148514852E7
}
