{
"平均共识达成时间":4367.346534653465
,
"平均块传播时间":4.473105705732669
,
"平均出块时间":587935.3069306931
}
