{
"平均共识达成时间":5330.544554455446
,
"平均块传播时间":5.3585249831885156
,
"平均出块时间":537685.3069306931
}
