{
"平均共识达成时间":5199.475247524752
,
"平均块传播时间":5.114390533190139
,
"平均出块时间":554815.8910891089
}
