{
"平均共识达成时间":5802.3267326732675
,
"平均块传播时间":4.977201363628951
,
"平均出块时间":745826.8811881188
}
