{
"平均共识达成时间":10853.643564356436
,
"平均块传播时间":4.8637834451691635
,
"平均出块时间":1048303.4257425743
}
