{
"平均共识达成时间":8431.663366336634
,
"平均块传播时间":4.804621727333084
,
"平均出块时间":1158741.9801980199
}
