{
"平均共识达成时间":5996.475247524752
,
"平均块传播时间":4.575022826760855
,
"平均出块时间":920224.2871287129
}
