{
"平均共识达成时间":4187.089108910891
,
"平均块传播时间":4.345449723681783
,
"平均出块时间":754274.3861386139
}
