{
"平均共识达成时间":8837.712871287129
,
"平均块传播时间":4.715347831726405
,
"平均出块时间":1822070.3168316833
}
