{
"平均共识达成时间":5120.910891089109
,
"平均块传播时间":5.192354216026136
,
"平均出块时间":608177.8811881188
}
