{
"平均共识达成时间":6153.693069306931
,
"平均块传播时间":4.995716300616007
,
"平均出块时间":989461.5049504951
}
