{
"平均共识达成时间":5427.257425742574
,
"平均块传播时间":5.014561707291805
,
"平均出块时间":679903.7821782178
}
