{
"平均共识达成时间":5190.069306930693
,
"平均块传播时间":5.537277725763457
,
"平均出块时间":605114.4851485149
}
