{
"平均共识达成时间":5775.851485148515
,
"平均块传播时间":5.0305414139076685
,
"平均出块时间":733570.0495049505
}
