{
"平均共识达成时间":5730.990099009901
,
"平均块传播时间":4.942462768191287
,
"平均出块时间":692926.1089108911
}
