{
"平均共识达成时间":2811.3069306930693
,
"平均块传播时间":1.63338322655795
,
"平均出块时间":2.5840364237623762E7
}
