{
"平均共识达成时间":5936.9009900990095
,
"平均块传播时间":5.026533036212795
,
"平均出块时间":772015.9108910891
}
