{
"平均共识达成时间":4209.0
,
"平均块传播时间":4.390033579044718
,
"平均出块时间":647795.1485148515
}
