{
"平均共识达成时间":5264.564356435643
,
"平均块传播时间":5.291482863235736
,
"平均出块时间":573906.8613861386
}
