{
"平均共识达成时间":4244.950495049505
,
"平均块传播时间":4.379025829154505
,
"平均出块时间":551823.4752475248
}
