{
"平均共识达成时间":4247.990099009901
,
"平均块传播时间":4.42071317880009
,
"平均出块时间":488742.68316831684
}
