{
"平均共识达成时间":6068.633663366337
,
"平均块传播时间":5.076755390259839
,
"平均出块时间":767194.3663366337
}
