{
"平均共识达成时间":4261.960396039604
,
"平均块传播时间":4.45412258749428
,
"平均出块时间":435927.2376237624
}
