{
"平均共识达成时间":6403.059405940594
,
"平均块传播时间":5.2046385740871886
,
"平均出块时间":956773.9900990099
}
