{
"平均共识达成时间":5079.960396039604
,
"平均块传播时间":5.48453560724418
,
"平均出块时间":613463.4554455446
}
