{
"平均共识达成时间":4184.584158415842
,
"平均块传播时间":4.347876206344031
,
"平均出块时间":489569.1386138614
}
