{
"平均共识达成时间":5653.702970297029
,
"平均块传播时间":4.865341667289655
,
"平均出块时间":855292.2376237623
}
