{
"平均共识达成时间":5178.089108910891
,
"平均块传播时间":5.193877125842841
,
"平均出块时间":608504.9009900991
}
