{
"平均共识达成时间":5601.504950495049
,
"平均块传播时间":4.850738640308104
,
"平均出块时间":749795.2475247525
}
