{
"平均共识达成时间":4214.930693069307
,
"平均块传播时间":4.382001392606339
,
"平均出块时间":532725.0297029703
}
