{
  "平均共识达成时间":10907.5841584158425,
  "平均块传播时间":4.909388531744167,
  "平均出块时间":1122548.8415841584
}














