{
  "平均共识达成时间":7156.247524752475,
  "平均块传播时间":3.9606302451673727,
  "平均出块时间":4593736.960396039
}



