{
  "平均共识达成时间":5391.108910891089,
  "平均块传播时间":5.432278601988629,
  "平均出块时间":567927.8415841584
}








