 {
    "平均共识达成时间":6352.207920792079,
    "平均块传播时间":5.151905805906605,
    "平均出块时间":847909.9504950495
  }
