{
  "平均共识达成时间":5257.188118811881,
  "平均块传播时间":5.6442513510161865,
  "平均出块时间":525406.3663366337
}












