{
"平均共识达成时间":5238.485148514851,
"平均块传播时间":5.313831275481233,
"平均出块时间":532277.9108910891
}

