{
  "平均共识达成时间":5794.782178217822,
  "平均块传播时间":4.9751104824742205,
  "平均出块时间":778081.4257425743
}







