{
  "平均共识达成时间":8496.465346534653,
  "平均块传播时间":4.586255480133168,
  "平均出块时间":1928290.1386138613
}














