{
  "平均共识达成时间":5404.366336633663,
  "平均块传播时间":4.986950746644174,
  "平均出块时间":702915.5148514851
}







