{
"平均共识达成时间":4158.950495049505
,
"平均块传播时间":4.290903082987271
,
"平均出块时间":515436.9900990099
}
