{
  "平均共识达成时间":5743.019801980198,
  "平均块传播时间":4.9219312755519775,
  "平均出块时间":738122.0594059406
}









