{
  "平均共识达成时间":8395.09900990099,
  "平均块传播时间":4.737793268517675,
  "平均出块时间":1320480.415841584
}






