{
  "平均共识达成时间":5674.366336633663,
  "平均块传播时间":4.7145274143296465,
  "平均出块时间":762620.1089108911
}











