{
"平均共识达成时间":4163.168316831683
,
"平均块传播时间":4.349693150867013
,
"平均出块时间":542090.6534653465
}
