{
  "平均共识达成时间":5217.495049504951,
  "平均块传播时间":5.310676157031397,
  "平均出块时间":738035.9900990099
}






