{
  "平均共识达成时间":5770.742574257426,
  "平均块传播时间":4.948476356958615,
  "平均出块时间":750056.0594059406
}







