{
  "平均共识达成时间":5837.297029702971,
  "平均块传播时间":4.949194288574713,
  "平均出块时间":724309.0792079208
}










