{
"平均共识达成时间":4368.980198019802
,
"平均块传播时间":4.4645656162866185
,
"平均出块时间":539248.5544554455
}
