{
  "平均共识达成时间":5208.346534653465,
  "平均块传播时间":5.254972242312393,
  "平均出块时间":605246.594059406
}


