{
"平均共识达成时间":4395.049504950495
,
"平均块传播时间":4.492539509198515
,
"平均出块时间":520198.0693069307
}
