{
"平均共识达成时间":4267.990099009901
,
"平均块传播时间":4.399723753002627
,
"平均出块时间":506508.9900990099
}
