{
  "平均共识达成时间":2764.4752475247524,
  "平均块传播时间":1.5923686662783925,
  "平均出块时间":1.7685520366336633E7
}






