{
  "平均共识达成时间":6101.247524752475,
  "平均块传播时间":4.641928988585063,
  "平均出块时间":832561.1287128713
}





