{
  "平均共识达成时间":5300.267326732674,
  "平均块传播时间":5.158285665472183,
  "平均出块时间":658595.9306930694
}




