{
  "平均共识达成时间":5947.6138613861385,
  "平均块传播时间":4.937448795150661,
  "平均出块时间":846889.2475247525
}













